value,name,count,ratio_valid,ratio_roi
0,water,2157896858,0.27360262169078986,0.18606623854764137
1,new/young ice,398900038,0.0505770680302625,0.034395448212460954
2,thin first-year ice,498059941,0.0631496844307283,0.04294558354333087
3,medium/thick first-year ice,736387811,0.09336759304496,0.0634955788536124
4,old/multi-year ice,1904408478,0.24146249178651283,0.16420901714835281
5,extra class (if present),2191321219,0.27784054101674655,0.18894827857845756
255,mask/ignore,3710491562,,0.31993985511614403
