value,name,count,ratio_valid,ratio_roi
0,water,2213480127,0.28905443011117515,0.1970232276124098
1,new/young ice,381569574,0.04982849153013149,0.03396374248458398
2,thin first-year ice,459639291,0.060023476920382395,0.04091277601531394
3,medium/thick first-year ice,762232810,0.09953862599399323,0.06784681126630089
4,old/multi-year ice,1896341571,0.2476398705437917,0.16879452967142353
5,extra class (if present),1944395173,0.2539151049005261,0.17307181034313843
255,mask/ignore,3576956549,,0.31838710260682945
