value,name,count,ratio_valid,ratio_roi
0,water,2156081569,0.27330337745867034,0.18676179905552476
1,new/young ice,382232765,0.04845155542900809,0.03310935906867243
2,thin first-year ice,518818881,0.06576511506120479,0.04494057599336318
3,medium/thick first-year ice,765904970,0.09708557325614872,0.0663434037744273
4,old/multi-year ice,1944503492,0.246483889795627,0.1684347084345723
5,extra class (if present),2121426213,0.26891048899934106,0.18375991975442227
255,mask/ignore,3655585546,,0.31665023391901775
