value,name,count,ratio_valid,ratio_roi
0,water,2141401604,0.27419220111306974,0.1857464548651524
1,new/young ice,392497810,0.05025672823581177,0.034045494602065386
2,thin first-year ice,509346269,0.06521839451552018,0.04418099976614301
3,medium/thick first-year ice,777118181,0.09950480291756376,0.06740769543759333
4,old/multi-year ice,1944762723,0.2490139031678885,0.1686898808128241
5,extra class (if present),2044729402,0.26181397005014606,0.17736105029089305
255,mask/ignore,3718771061,,0.3225684242253287
