value,name,count,ratio_valid,ratio_roi
0,water,2187968805,0.27904394565304513,0.19178334580000123
1,new/young ice,393679841,0.05020820036632261,0.03450745591457027
2,thin first-year ice,542076557,0.0691340667040716,0.04751496252763305
3,medium/thick first-year ice,751834233,0.09588564077052775,0.0659009782782153
4,old/multi-year ice,1847756674,0.23565478252771863,0.16196252723265042
5,extra class (if present),2117630949,0.2700733639783143,0.185617979397495
255,mask/ignore,3567597285,,0.31271275084943473
